N°;Code;Attribué à;Date
001;3YFF-NN5M-PQTE;;
002;5C4M-UTZ2-7Q5R;;
003;AE4A-4KPM-MQYY;;
004;33YP-HDZX-WPK4;;
005;G2EG-8PWA-3V9D;;
006;SBJM-QFE2-KGMH;;
007;KPBV-UZUH-9ZST;;
008;KGWD-AW7G-M4YY;;
009;3P8F-NQUV-AAVU;;
010;2UHC-PEWY-PFVA;;
011;3X8F-2HHV-CGU6;;
012;83DU-E22X-K8Z3;;
013;R6TN-EERN-M6AZ;;
014;M9JT-V7RX-5TN4;;
015;FFSV-FC3Q-4QN4;;
016;NZKF-SDXC-YK2G;;
017;P5ZS-96EN-2E7B;;
018;JH53-UZRG-CSRW;;
019;JD2H-JJSN-EZXB;;
020;UW9Q-5N6K-U59F;;
021;GENC-Y6G3-T8CS;;
022;MHUA-MUZ8-3DK9;;
023;7CZ5-RQXW-6CMW;;
024;YPXK-5YFG-7U7N;;
025;AFKX-ZYW5-UB3Q;;
026;R4UC-4HQC-3D3V;;
027;6UNG-4J9X-UC6G;;
028;SC9B-9DPN-G2RA;;
029;FT4C-2V69-UNX7;;
030;U8NP-8GW9-VP57;;
031;X7DZ-AJXA-DJT5;;
032;2FSG-J6PP-S6VJ;;
033;KJJA-3XAQ-CT46;;
034;PDVP-8C92-6ETA;;
035;3H3D-769F-MED3;;
036;2ZAP-SQRA-27CJ;;
037;DNMC-RE4G-6FSX;;
038;Z3HJ-96BA-AGE3;;
039;MYPH-8A5R-6Y6Q;;
040;WABN-GQHR-YPYH;;
041;F9DM-7EHS-3EXY;;
042;23E3-6WAH-TFSQ;;
043;TKU6-WHHS-2Y7Z;;
044;U8S6-SKP4-8WFJ;;
045;A9V2-EPZK-NJWB;;
046;SXEX-2FDE-86QF;;
047;HJMG-WRYH-3W2B;;
048;VTAD-QDXE-XW77;;
049;RRPV-GUFT-2ZM5;;
050;MWEX-7H4E-S7QA;;
051;E78V-S6HC-479E;;
052;XHQG-H8XJ-NXYE;;
053;PRZA-78CU-87HV;;
054;6E6V-EZZ5-4C4A;;
055;QJBP-9U9N-YYWY;;
056;UAQK-DCZM-SQUT;;
057;V4SN-T966-WX4N;;
058;MUXQ-5PBU-REPV;;
059;VEWE-EPQK-DUKQ;;
060;P3EY-ZU9V-TNRY;;
061;Q9Y4-Y88K-ZWJB;;
062;GGA4-5GEG-TK68;;
063;PJHW-7EW4-339E;;
064;NWSA-VYA2-A53P;;
065;FNC8-XDKQ-DV48;;
066;ZDE6-3ZUG-8V4R;;
067;PB6G-RGMY-FPCJ;;
068;46UM-TN2G-ASGZ;;
069;BMK8-3S83-E38G;;
070;5ZN4-XHGU-Z6PV;;
071;H6MA-QV6D-XGRB;;
072;NFKB-8KG3-DHFM;;
073;VFE8-BTCK-JR8B;;
074;CQTS-QQ2T-F3SK;;
075;87SF-CCXP-TPBB;;
076;MNES-YGYV-S48V;;
077;ZAAV-36YK-7YJR;;
078;FMX9-P37N-3NJB;;
079;MBWV-J92K-PV4R;;
080;63RB-FTUH-76DM;;
081;XM5W-A97F-3F8K;;
082;AZHT-ABP7-ZESZ;;
083;M2FW-RDNH-X2XY;;
084;X2MV-AEAN-RJYZ;;
085;KB3U-PXE7-FQ7F;;
086;9MFQ-5EBR-RYEU;;
087;VGVQ-Q3E4-R8ZG;;
088;BGW3-CNVX-WGJ6;;
089;X2JK-QP7B-TVS8;;
090;C4YJ-3T8J-6HVA;;
091;9MCF-89E8-C3GQ;;
092;EYA2-6QV2-X276;;
093;KVF9-XFCW-KGFV;;
094;G3ZQ-Y9MC-3NC9;;
095;GFVB-MQQD-XWF4;;
096;7N7K-QMYM-8CNA;;
097;WG57-8HW6-EHDE;;
098;QD5G-X8QF-S3CC;;
099;BASD-CKGD-7AYE;;
100;RDH8-G8M5-2RBA;;
101;8QPM-35NF-R5YT;;
102;H5TZ-AQPS-KCVG;;
103;45MZ-UCJY-NK94;;
104;33JP-GYSY-9ZT4;;
105;5MAT-77E6-Y2GV;;
106;R6BF-K4AU-ESV8;;
107;XYGM-FGVW-BFCU;;
108;GH3T-NFJW-CWNY;;
109;58DB-XME6-V3RP;;
110;4H7B-J2CA-M7RQ;;
111;Q7XW-79JV-8RU6;;
112;6GAP-QW2C-92G9;;
113;6HTH-SKVK-JDXG;;
114;KW3H-4TRB-TWRX;;
115;DTA9-XZ6D-9A8Q;;
116;54XN-Y6SZ-NQZ8;;
117;2VCE-V6E9-APGH;;
118;4PT4-J4KK-QWZG;;
119;4U5P-UUUK-FVVP;;
120;C2KT-TX3S-HPYH;;
